id,keyword,location,text,target,Correct Prediction,BERT-8b7db91c,LSTM-GloVe-8b7db91c,LSTM_DROPOUT-GloVe-8b7db91c,BI_LSTM-GloVe-8b7db91c,LSTM_CNN-GloVe-8b7db91c,FASTTEXT-GloVe-8b7db91c,RCNN-GloVe-8b7db91c,CNN-GloVe-8b7db91c,RNN-GloVe-8b7db91c,GRU-GloVe-8b7db91c,HAN-GloVe-8b7db91c,LSTM-71bd09db,LSTM_DROPOUT-d3cc3c6e,BI_LSTM-8b7db91c,LSTM_CNN-8b7db91c,FASTTEXT-b054e509,RCNN-7bc816a1,CNN-b054e509,RNN-1258a9d2,GRU-b054e509,HAN-a85c8435,RIDGE-2e359f0b,SVC-4c2e484d,LOGISTIC_REGRESSION-8b7db91c,SGD-2e359f0b,DECISION_TREE-7bc816a1,RANDOM_FOREST-60314ef9
81,ambulance,Worldwide,New Nanotech Device Will Be Able To Target And Destroy Blood Clots http://t.co/MnmyJXQ9go #science,1,1,0.31576785445,0.12183985859000002,0.24390316010000002,0.12913545965999998,0.18749833107,0.16228877008,0.14153195918,0.09996888041000002,0.1416798532,0.13427338004,0.10083952550000001,0.07523223758,0.24812185760000002,0.1613843441,0.4644868672,0.2813794911,0.3124927878,0.36136400700000004,0.3209597468,0.09414470196000001,0.1660727113,0,0,0,0,0,0
91,annihilated,,@johnboywest The only 'stage' the drama queen can stand on is a drama stage &amp; certainly never the world stage; he would be annihilated.,1,1,0.07303491235000001,0.06891188025,0.12696318328,0.08340413123,0.0914170444,0.09808976203,0.12114890664999999,0.05428753047999999,0.07085230947,0.08478593826,0.09818191826,0.2683625519,0.20346418019999998,0.09310525655999999,0.11639922859999999,0.03876584768,0.1667173505,0.12992647289999998,0.04628810286999999,0.0634393394,0.1125396192,0,0,0,0,0,0
99,annihilated,,They should all die! All of them! Everything annihilated!,1,1,0.18042862415,0.09570083022,0.0592209734,0.08838375658,0.17328494787,0.0908248499,0.18877466022999997,0.053616840389999997,0.11476211994999999,0.11636208742999998,0.08015859872,0.0646058321,0.08945244551,0.08005893230000001,0.09087949991000001,0.061419695620000006,0.07353305817000001,0.06172421575,0.044032692910000004,0.044416278600000005,0.1308572292,0,0,0,0,0,0
103,annihilation,,Please sign &amp; RT to save #SaltRiverWildHorses http://t.co/GB8ispiaRP http://t.co/Bx0l87iNc8,1,1,0.12107759714000002,0.14219333230999998,0.08380333334,0.09209594131000001,0.221814394,0.15705437958,0.2176746428,0.0823674202,0.13893342018,0.08774001151000001,0.1088026091,0.17162656780000002,0.49932113289999996,0.2317958772,0.1245238185,0.2481634617,0.18480023739999998,0.1710086167,0.2462251484,0.10633492470000001,0.351762116,0,0,0,0,0,0
222,attacked,Indonesia,I attacked Robot-lvl 1 and I've earned a total of 16000 free satoshis! http://t.co/2PZcXSkNCg #robotcoingame #Bitcoin #FreeBitcoin,1,1,0.03074321151,0.08399290591,0.13918492198,0.08239670842999999,0.06991019845,0.12603153288,0.10405433923,0.04961561412,0.13031429052000001,0.030867975210000002,0.05262000114,0.1561318636,0.2352584898,0.2020348608,0.159540832,0.17030167579999997,0.1559758782,0.1276760399,0.3841103911,0.07212054728999999,0.1225761101,0,0,0,0,0,0
232,avalanche,,One glance and the avalanche drops. One look and my heartbeat stops.' Oh WALK THE MOON how you get me.. I couldn't have said it better.,1,1,0.10361084342,0.19757822156,0.28491142391999996,0.19266034662999998,0.23329073191,0.33240571618000003,0.23397853971000002,0.12194306402999999,0.32585048676,0.21544061601,0.26547804469999997,0.13374453779999998,0.166424185,0.1045323312,0.1185304224,0.029409021139999995,0.1998797059,0.04295560718,0.1315668821,0.06180772185,0.04529920965,0,0,0,0,0,0
244,avalanche,"Denver, CO",Senators have another year to determine Hoffman's v... #ColoradoAvs #NHLAvalanche http://t.co/CIzZOc6f0D http://t.co/PEmYHD3Nfz,1,1,0.21354159712999998,0.13309787214000002,0.26469433308,0.12042296677999999,0.24608653784,0.26204863191,0.17067714035999998,0.1088713035,0.18630214035999998,0.1527351141,0.1859811693,0.18064552550000001,0.3604075909,0.4059013724,0.1665299833,0.3971434236,0.2652494609,0.2736933827,0.39131712909999994,0.3500384688,0.3643991351,0,0,0,0,0,0
247,avalanche,,@90sAngelicMalik listen to wtm avalanche and take a deep breath,1,1,0.33532905579,0.17317801714000003,0.11051107943,0.16376584768,0.17392662167999998,0.24601061641999997,0.22288195789,0.08361043036,0.22132633625999998,0.22288575768000002,0.2502440512,0.08511066437,0.1571561098,0.07442224026000001,0.08352559805,0.15773603320000001,0.1125273108,0.1315631866,0.09062471986,0.07713681458999999,0.1327161044,0,0,0,0,0,0
248,avalanche,,Now there's an avalanche... These men are lunatics #livingontheedge,1,1,0.38036975265,0.33252573013000003,0.35518684983000004,0.31569755077,0.256326437,0.37320804596,0.35377040505,0.24302959441999997,0.37447503209,0.44866254926000004,0.453548491,0.1772672534,0.24407020210000002,0.09887304902,0.1056804061,0.213652432,0.08290293812999999,0.10933756830000001,0.06520926952,0.1055743098,0.2493392229,0,0,0,0,0,0
254,battle,USA!,I liked a @YouTube video from @screwattack http://t.co/W5dLLV48cs Knuckles punches into DEATH BATTLE!,1,1,0.06778097153,0.08983320742999999,0.14129836857,0.09170366079,0.16597440839000002,0.12974132597000002,0.30222848058,0.19432310760000002,0.10688784719000001,0.08594479412,0.08388163149,0.08878320456000001,0.1922276914,0.08193919062999999,0.1079234779,0.1680425107,0.0744304657,0.1179426014,0.09832230210000001,0.07512065768,0.1714339554,0,0,0,0,0,0
285,bioterrorism,,To fight bioterrorism sir.,1,1,0.29602867364999996,0.13397307694,0.06971256434999999,0.10198817402,0.21892312169,0.09260950982999999,0.20873004198,0.1307849586,0.13034580648,0.12931938469,0.1827630699,0.3292036951,0.32445365190000003,0.1595291495,0.11773097519999999,0.2954316735,0.135035038,0.1404551268,0.09082058072,0.1099966764,0.4660748839,0,0,0,0,0,0
287,bioterrorism,Philippines :),@prsnvns that's good to hear. Mine could be better but I can manage. It's alright you do what you have to. Bioterrorism doesn't wait.,1,1,0.47175896168000003,0.07057978212999999,0.060367617760000006,0.07017849386,0.07157543302,0.10191720723999999,0.07816686481,0.058772202579999995,0.06652005017000001,0.06875163317,0.06747934222,0.13296195859999999,0.1545949876,0.08746355772,0.07082191110000001,0.046561926600000005,0.1738981605,0.06327286363,0.07660034299,0.08212575316000001,0.07834029198,0,0,0,0,0,0
294,blaze,Texas,I liked a @YouTube video from @ashens http://t.co/yC9tywuzQm Blaze / Atgames Handheld Mega Drives | Ashens,1,1,0.02195203304,0.08451936394,0.07557041198,0.07564478368,0.15603175759000001,0.1088874042,0.17342501879,0.05255847797,0.09803502262,0.06296020001,0.11829039449999999,0.1390260756,0.1869345307,0.09696850181,0.1711360216,0.19394528870000002,0.2410468161,0.09897708893,0.2151376307,0.1119552851,0.1717317849,0,0,0,0,0,0
296,blaze,,Omg i need to go like yesterday ???? https://t.co/3oP6G7ovzO,1,1,0.07757416368,0.10191462934000001,0.08750475197999999,0.09483464062000001,0.12474980949999999,0.1401450783,0.12248913944,0.07928398252,0.09300622344000001,0.05017496645,0.05371243507,0.05062717199,0.1869342327,0.1321313381,0.26579147579999995,0.12637349960000002,0.1109602749,0.08555856347000002,0.2034873068,0.0529461205,0.1419948339,0,0,0,0,0,0
322,bleeding,Sherbrooke & MontrÃÂ©al,You cut me open and I keep bleeding. #BleedingLove #LeonaLewis #acapella #singer #canadiansingerÛ_ https://t.co/51pfEIlPNK,1,1,0.05969157815000001,0.05403891206,0.050429284569999996,0.046737246219999994,0.08236274123,0.046207211910000004,0.09779220819000001,0.04088597372,0.06072412804,0.04301186651,0.035570144649999996,0.05735650659,0.1134741604,0.1478376091,0.1311864257,0.1059871018,0.1123501658,0.06699666381,0.18842470649999998,0.04865959287,0.10046900060000001,0,0,0,0,0,0
351,blight,"Cleveland, Ohio",Lots of talk of how susceptible NY2 is to shoot blight with or without trama. #WCFGT2015,1,1,0.36639708280999994,0.08679603785000001,0.11002445965999998,0.09653709083999999,0.10095122457,0.09426930547000001,0.12040839344000001,0.05005797371,0.07607290149,0.11254746467,0.06614948809,0.1695114374,0.1362178922,0.06960037351,0.06760263443,0.08514809607999999,0.06475904584,0.09182697535,0.07301288842999999,0.05925953387999999,0.1059568524,0,0,0,0,0,0
358,blight,,2:20 BLIGHT ?? EVERY DAY,1,1,0.09286910295,0.09770106524,0.07690547407000001,0.10878787935,0.18717640638,0.09678018837999999,0.17523740232,0.09321390837000001,0.11546947807,0.06194161996,0.05211631581,0.05964159966,0.1054544449,0.06099152565,0.08836272359,0.11524161699999999,0.06398358941,0.09002166986,0.07701048255,0.06425109506,0.24812494219999998,0,0,0,0,0,0
363,blight,The other side of the mirror,"This is the Red Eye crossing the ocean
Peeling potatoes with servile devotion...

#BLIGHT!",1,1,0.21820417047,0.11250284314000002,0.22741115093000003,0.12510639429,0.22967904805999997,0.13304322957999998,0.3018784821,0.4093734324,0.16236712039,0.17304357886,0.204552874,0.23632404210000002,0.3329105377,0.13170510529999999,0.1731575131,0.22889170050000002,0.4447125494,0.4362991452,0.1546039879,0.06630879641,0.22662079329999998,0,0,0,0,0,0
373,blizzard,,@EddieTrunk Blizzard of Ozz,1,1,0.15542200207999998,0.20926494895999997,0.14883349835999998,0.1960055232,0.27012160420000003,0.18123607337,0.3071359396,0.21036295592999998,0.27211245894,0.23890407383,0.1905139983,0.1923631132,0.1186928451,0.049339205030000007,0.09106475115,0.18641996379999998,0.06561437249,0.187804848,0.031388163569999995,0.08232614397999999,0.1772783995,0,0,0,0,0,0
392,blood,,seeing more blood and surgery than a regular GP behind a desk and they say dentists aren't real doctors .... Ok,1,1,0.21926417946999996,0.11797277629000001,0.24634914100000002,0.1551014334,0.12306055427000001,0.19493901730000002,0.14045359194,0.10855150223,0.12691089511,0.14754292369000002,0.09519188106000001,0.18209594489999997,0.30707967280000004,0.11276638509999999,0.1366853416,0.18056809899999998,0.26517882940000004,0.1715205014,0.1532975435,0.1083855331,0.2856620848,0,0,0,0,0,0
431,body%20bag,,"#3682 Nikon D50 6.1 MP Digital SLR Camera Body 2 batteries carry bag and charger http://t.co/TeT9q0kXvl

$200.00
Û_ http://t.co/h3XgoxTFfi",1,1,0.07501271367000001,0.08041346818,0.03210056573,0.0703901425,0.04128929973,0.045575767760000004,0.04635410756,0.13663735986,0.08773238212000001,0.0530500263,0.04516546801,0.1192809939,0.18846917149999998,0.2656853795,0.06976905465,0.09694433212000002,0.1224543452,0.060565680270000005,0.1447695792,0.05761319399,0.1015396491,0,0,0,0,0,0
436,body%20bag,,"#7294 Nikon D50 6.1 MP Digital SLR Camera Body 2 batteries carry bag and charger http://t.co/SL7PHqSGKV

$200.00
Û_ http://t.co/T4Qh2OM8Op",1,1,0.07501271367000001,0.08041346818,0.03210056573,0.0703901425,0.04128929973,0.045575767760000004,0.04635410756,0.13663735986,0.08773238212000001,0.0530500263,0.04516546801,0.1192809939,0.18846917149999998,0.2656853795,0.06976905465,0.09694433212000002,0.1224543452,0.060565680270000005,0.1447695792,0.05761319399,0.1015396491,0,0,0,0,0,0
469,body%20bags,,Womens Flower Printed Shoulder Handbags Cross Body Metal Chain Satchel Bags Pink http://t.co/vBZqWzNxH7 http://t.co/NXIhHeP1Ea,1,1,0.04759031534,0.044266242530000006,0.02966265008,0.04377363995,0.038096517319999995,0.01468542125,0.0305918064,0.028534792360000002,0.06697277724999999,0.01327995863,0.01883521676,0.03689476848,0.09004583955,0.06832495332,0.0459112227,0.019994229080000002,0.05549988151000001,0.02786579728,0.04503694177,0.036901652810000005,0.02736557648,0,0,0,0,0,0
496,bombed,Birmingham.,#SitCTips if you do vlog you WILL get video-bombed.,1,1,0.06309658289,0.33982983232,0.28703200816999996,0.28880840539999997,0.3706843257,0.33921560645000004,0.43622538447,0.11219508200999999,0.26635867357,0.33128198981,0.2170115113,0.04098281264,0.08726117015000001,0.07445248961,0.09862858057,0.07383343577000001,0.08152100444,0.0235529542,0.049512118099999995,0.04842853546,0.11761777849999999,0,0,0,0,0,0
523,bridge%20collapse,,Australia's Ashes disaster - how the collapse unfolded at Trent Bridge http://t.co/UqEtEeltVU #telegraph,0,0,0.93360555172,0.96925574541,0.99403834343,0.981372118,0.97639328241,0.9558401703799999,0.9322415590299999,0.9706319570499999,0.9655805826200001,0.9607632160200001,0.9619879723,0.8653891087000001,0.9216271639,0.9439069032999999,0.92681849,0.8535860181,0.9225859642,0.8775624633,0.8034011126,0.8456559181000001,0.8094246984000001,1,1,1,1,1,1
541,buildings%20on%20fire,Wellington,"Jane Kelsey on the FIRE Economy
5th Aug 5:30ÛÒ7:30pm
Old Govt Buildings Wgton
The context &amp; the driver for #TPP and #TRADEinSERVICESAgreement",0,0,0.55880957842,0.8688486814499999,0.8276515006999999,0.8560988903,0.8424570560500001,0.79264605045,0.74051481485,0.8258122205699999,0.76388084888,0.88284569979,0.8599708676000001,0.8177155256,0.9092226028,0.9602822065000001,0.9246926904,0.8296869993000001,0.9581921697,0.7368614078,0.7464179993000001,0.7687977551999999,0.9550182223,1,1,1,1,1,1
560,burned,557619,This is why you should be burned at the stake ! https://t.co/YpezipY2NY,1,1,0.20297089219,0.40008822083000006,0.29792818426999995,0.23457370698000002,0.34773516655000003,0.31896126269999997,0.36053583026,0.10303914547,0.36049756408,0.23186610639000002,0.37004828450000005,0.05287846923,0.1439842582,0.08724269271,0.1286280155,0.1208498776,0.06731414795,0.06995010376000001,0.16960138079999998,0.05094942451,0.08773747087000001,0,0,0,0,0,0
581,burning,Los Angeles/ Las Vegas/ Boston,@TheVenskus you led a killer workout today @TheSweatShoppe my core is burning. Now #gymtime #worktime #auditiontime #roccotime #noBS,1,1,0.04508572817,0.09531023353,0.13811154664,0.13039825857,0.09110027552000001,0.13839925826,0.09541033208,0.20894615352,0.14412328601,0.22653251886,0.132051006,0.07170629501,0.11876282099999999,0.09935232997000001,0.1291646361,0.1077449322,0.257569015,0.1159651577,0.1169413924,0.05729326606000001,0.06688147038,0,0,0,0,0,0
583,burning,,Burning bridges is my forte!,1,1,0.15731078386,0.22876346110999998,0.18707440794,0.15211872756,0.30738145113000004,0.17774944007,0.40974152088,0.33045092225,0.27901777625,0.31686422229,0.2826746404,0.08574569224999999,0.1481294632,0.0885772109,0.09300908446,0.1673904359,0.08451157808,0.06409496069000001,0.07692882419,0.07033449411,0.33653771880000005,0,0,0,0,0,0
709,collapse,"Kampala, Uganda",Greece's tax revenues collapse as debt crisis continues http://t.co/V5yyzNGRBZ,0,0,0.6780505180399999,0.9339236617100001,0.95875930786,0.9622117281,0.9661183953299999,0.85510390997,0.90107268095,0.92318153381,0.9127854704899999,0.8839027285600001,0.9041140676,0.8218017817000001,0.9486051202,0.9616326094,0.9707626104000001,0.8517081738,0.9689003229,0.9284575582,0.820395112,0.8420809506999999,0.9257233739,1,1,1,1,1,1
712,collapse,"Leeds, England, United Kingdom",We all knew Cain wasn't going to die... It's either Val or someone is gonna collapse later on... #Emmerdale #SummerFate,1,1,0.07004371285,0.15940280259,0.26061937213,0.19629397987999997,0.17276793718,0.25286987424,0.27063542604,0.36077338456999997,0.16010089219,0.37733525038000004,0.34153604509999996,0.1632360816,0.1556376517,0.1569714844,0.1077700853,0.21549806,0.32350164649999996,0.4165664315,0.148917824,0.1936922073,0.09066656977,0,0,0,0,0,0
719,collapse,Los Angeles,Technical Collapse -&gt; http://t.co/BfJB5H4tuW $WLB Down -3.43% to New Low http://t.co/cSXEKREDUg,1,1,0.35332822799999997,0.1527801007,0.34474617243,0.15067595242999998,0.17463287711,0.27682605386,0.24984839559,0.1100018099,0.19844464958,0.15109564364,0.18967068199999998,0.1505938768,0.3488593996,0.13722789289999998,0.0898694694,0.248940587,0.07848683,0.1597096026,0.1652335525,0.07922336459,0.3181968033,0,0,0,0,0,0
723,collapse,"Paterson, New Jersey",Greece's tax revenues collapse as debt crisis continues: As talks continue over proposed âÂ86bn third bailout ... http://t.co/7w2WiEFjuq,0,0,0.72096586227,0.92032402754,0.8678884506200001,0.9138065576600001,0.9712908268000001,0.83391839266,0.8820245862,0.9154193401299999,0.9028097987200001,0.8709549903899999,0.8937904834999999,0.8617652059,0.9543100595,0.9606722593000001,0.9868524075,0.9622154236,0.9675822258,0.9247000217,0.8435953856,0.9816613197,0.9805070162,1,1,1,1,1,1
727,collapsed,,I used to have a good time from June to about July 10th then my summer just collapsed smh,1,1,0.14693945646,0.13667805493,0.18457093835000002,0.12698769569,0.19370430708,0.25716522336,0.23935681581,0.23408964276,0.11898803710999999,0.20407509804,0.2492849231,0.18188896780000002,0.1722164154,0.09929320216,0.0909345448,0.055321514610000004,0.1848544776,0.07627019286,0.10255330800000001,0.04108729959,0.11855585130000001,0,0,0,0,0,0
728,collapsed,"(queer, trans, he/him, black)",i remember when i was little and i didnt want to say the pledge and the school collapsed and pit to hell opened,1,1,0.24133092165,0.12693886459,0.16840800642999998,0.11047002673,0.18311491609000002,0.15396630764,0.15420642495,0.13037186861,0.10282612592,0.36343502998000005,0.19436244670000002,0.10220208759999999,0.24523296949999998,0.145008117,0.13773608210000002,0.1160045266,0.2681804895,0.15964886550000001,0.1419202983,0.09035164117999998,0.1023756936,0,0,0,0,0,0
739,collide,"Conway, AR",We had a room full of people lifting up Collide in prayer!! We are so excited for Friday night!! http://t.co/645dYNAMy8,1,1,0.19721186160999998,0.08039060235,0.1472350657,0.08135987818,0.08909952641,0.12984699011,0.10576989502,0.12687721848,0.08399536461000001,0.07915773988,0.07830696553,0.3623432815,0.25406494739999996,0.1298897266,0.0795121491,0.2398758829,0.19029966,0.2140242457,0.1950466335,0.194971323,0.3501371443,0,0,0,0,0,0
752,collide,INEQUITY IS INJUSTICE || NJ,Trump &amp; Bill Clinton collide in best conspiracy story ever http://t.co/ABkhBhNLOz via @motherjones TRUMP DEMOCRATIC PLANT? lmao #lastword,1,1,0.08646962047000001,0.12814992666,0.18570162356,0.14267499744999998,0.16822770237999998,0.06757959723,0.10629889369,0.13775585592,0.11613529176,0.03734645247,0.100265719,0.22604087,0.19155830140000002,0.23315328359999998,0.10097178820000001,0.02609023452,0.18697577710000002,0.056564390660000005,0.1023459733,0.044621855020000004,0.06489953399000001,0,0,0,0,0,0
796,crashed,Kentucky,@thomicks Isn't showing up for me. I think it crashed.,1,1,0.31221562624000004,0.18814349174000003,0.22431275249000002,0.15779048204,0.17228537798000002,0.20533941686,0.19870814680999999,0.17224502563000002,0.16915236412999998,0.14700479805,0.1395434439,0.15124484900000001,0.3050279617,0.06627634167999999,0.11999285220000001,0.2100594938,0.11543908720000001,0.06537866592,0.04975673556,0.1665556431,0.2968132496,0,0,0,0,0,0
800,crashed,London,@PahandaBear @Nethaera Yup EU crashed too :P,1,1,0.45189911127,0.31761789321999995,0.29106947780000003,0.18342091143,0.21355497837,0.32436987758,0.26130506396,0.21541520953,0.29847925901,0.31762489676,0.2448405623,0.2108132541,0.1605389416,0.0819683373,0.1385083795,0.22422537210000001,0.2585859895,0.3314933777,0.0828885138,0.1488722265,0.3240196705,0,0,0,0,0,0
820,crush,"MNL, Philippines",omg I have a huge crush on her because of her looks. ... ÛÓ Not necessarily I dont think so! She is looks way be... http://t.co/xqmaTI4GI6,1,1,0.06881245971,0.09115495533,0.07864960283,0.09551467001,0.08493474126,0.11845610291,0.07268760352999999,0.05459707230000001,0.1059672758,0.13365036249,0.102190122,0.08548203111,0.2403132021,0.1542140245,0.132688731,0.059829771520000005,0.21929222350000002,0.1830468178,0.2019891441,0.06477376819,0.047588683660000006,0,0,0,0,0,0
836,crushed,"Piscataway, NJ",@Brandon_Warne MLB has that ball at 462 feet. Absolutely crushed.,1,1,0.18690875173000002,0.06877163798,0.07863241434,0.05664110929,0.20115423203,0.08897176385,0.13860118389,0.04870423675,0.09807346760999999,0.049617301669999996,0.06341928989,0.161781162,0.1214655042,0.06345820427,0.06497064233,0.09851047397,0.08047634363,0.12929579619999998,0.06534239650000001,0.06258380413,0.1195050478,0,0,0,0,0,0
839,crushed,"Hodesto, Cuntlifornia",@Spicenthingsup wtf!? I can't. The love bit. I really think that's how she feels. Massive crush that got crushed.,1,1,0.06475308537,0.06891419739,0.044910620899999996,0.054891623560000005,0.057175785300000004,0.040183905510000006,0.05092315003,0.04846449196,0.040685359389999995,0.03504658863,0.054199513049999995,0.06400457025,0.1008809507,0.06811589003,0.05911704897999999,0.018390774730000004,0.07826048136,0.04694008826999999,0.02951011062,0.04925078154,0.01456143428,0,0,0,0,0,0
840,curfew,Jammu Kashmir,@GhazalaBaji : Exactly! Curfew like situation when I sit with dad,1,1,0.29974871874000003,0.1647400856,0.16282732785,0.17341302335,0.19990059732999998,0.29176965356,0.13527664542,0.14919026196,0.21467891335,0.1416759491,0.2363244295,0.06606173515,0.10270047189999999,0.07542747259,0.08703526855,0.0847170949,0.08656215668,0.058671861889999996,0.04971802235,0.05535262823,0.07942142338,0,0,0,0,0,0
841,curfew,"Lufkin.Texas,USA",Black African refugees in 'Israel' cannot attend Kenye West concert due to curfew for black refugees.. http://t.co/S0usjQYIJe,0,0,0.7213794589,0.97348928452,0.98476010561,0.9632371664,0.9845116138500001,0.9662113189700001,0.9798570275299999,0.9839240908600001,0.96917825937,0.9561343193100001,0.9193023443,0.84810853,0.697244525,0.6332788467,0.8010834455,0.8028636575,0.7288133501999999,0.6841203570000001,0.6278709768999999,0.8962692022,0.7815979719,1,1,1,1,1,1
844,curfew,Ohio land of no sun,@CurfewBeagle @beaglefreedom Pretty Curfew!!!??,1,1,0.03922459483,0.1242557168,0.13700287044,0.13460718095000002,0.21277746558,0.16457054019,0.23733861744000004,0.11852000654000001,0.1887537837,0.11055064945999998,0.11641705779999999,0.09455925226,0.10118249060000001,0.05811727047,0.08392938972000001,0.057839781050000004,0.06986522675,0.0341206193,0.028766989710000003,0.04146254063,0.10159450019999999,0,0,0,0,0,0
846,curfew,770 to Benedict College,everybody like fuck curfew.. and i'm sitting here like i'll be in bed by 12.,1,1,0.16344767809,0.06348571926,0.06072264537,0.058230638499999994,0.08518481255,0.06198245287,0.10551406443,0.03507998958,0.052992627019999995,0.032819893210000006,0.0475593321,0.07903918624,0.1058700085,0.07232350111000001,0.09808194637,0.2114042342,0.1612550318,0.28741294149999996,0.09870710969,0.1566148698,0.05018822848999999,0,0,0,0,0,0
885,danger,"Trujillo, Peru",In my post today I talk about the dangers of interruptions. Do they annoy you?http://t.co/zh6AusFbwh,1,1,0.049607962369999994,0.10698685050000001,0.09407871962000001,0.10656393319,0.14348191023,0.14053545892000002,0.21544066071999998,0.041621726010000006,0.09719888120999999,0.05140174553,0.03588630632,0.16955685620000002,0.1389655173,0.11830896140000001,0.19988185170000003,0.1462711394,0.0935357511,0.05540117621,0.2420476973,0.0970993638,0.14601954820000002,0,0,0,0,0,0
914,death,,@baeffee @RandomPelar the black death (black death whoo!),1,1,0.15027862787000001,0.14849099517,0.24523174763,0.18763455749000002,0.21825608610999997,0.20981189609,0.24871329963000002,0.21690970659000003,0.18182811141,0.22182916105,0.1294390559,0.10430404539999999,0.11572918300000001,0.06204682589,0.09118145704,0.08150520921,0.08376151323,0.056776970620000006,0.03138741851,0.04557690024,0.1795456409,0,0,0,0,0,0
919,death,,@ITristonTyler CONFESSION when I was little I had a hamster and my room was so cold it froze to death!?? OOPS......,1,1,0.03888854384,0.16081647575,0.18736746907000001,0.14568968117,0.25000971555999996,0.21759308875,0.19658510387000003,0.15151380002,0.13205629587,0.17478451133,0.2034917921,0.07496774197,0.21115300059999997,0.07573920488,0.09670224786,0.08968868852,0.1445275247,0.056025683879999996,0.05750930308999999,0.05934152007,0.1079083309,0,0,0,0,0,0
1032,demolition,,@Johnny_Detroit Tag Team for me was Demolition. Awesome intro song scary looking and just destroyed there opponents.,1,1,0.19401037693,0.08064012975,0.11036806554000002,0.09011015296,0.11402568220999999,0.13781172037,0.09719951450999999,0.10338886082,0.13058429955999998,0.07002973557,0.08109902591,0.09861251712,0.1178407073,0.07121345401000001,0.05995932221,0.027048557999999997,0.10346451400000001,0.06821095943,0.030731260780000002,0.04618272185,0.0453540273,0,0,0,0,0,0
1092,desolation,,desolation #bored,1,1,0.17395988107000002,0.08096101135,0.0658056289,0.06452727318,0.17624992132,0.08363968134,0.20822158456,0.05030171573,0.11400683224000001,0.042067248370000004,0.057747334239999996,0.06683644652000001,0.1187390983,0.059047043320000006,0.07730925083,0.1172008812,0.06407818198,0.21802800890000001,0.03230878711,0.0635868609,0.1883817911,0,0,0,0,0,0
1121,destroyed,USA,Black Eye 9: A space battle occurred at Star O784 involving 2 fleets totaling 3946 ships with 14 destroyed,1,1,0.25830373168000004,0.18240357934999998,0.34530058503,0.19955131412000002,0.14146745205,0.24798299372,0.28026965261,0.09364181757000001,0.2558696866,0.17453157902,0.2757437825,0.1347497702,0.1285275221,0.09828144312,0.06474289298,0.07113072276,0.1033575833,0.06537076831000001,0.09284436703,0.05754554272000001,0.08439577371,0,0,0,0,0,0
1155,detonate,,"Apollo Brown - Detonate (ft. M.O.P.) [Single] http://t.co/S5mU04L2rl
@ApolloBrown",1,1,0.22656342386999997,0.15765842795,0.2357814014,0.15489888191,0.18782785535,0.21099029480999998,0.18385289609000002,0.29317116737,0.23295432329,0.15166321397,0.1937161684,0.12351793050000001,0.1567223966,0.14222878220000001,0.1382855475,0.1431779861,0.2732653022,0.176682055,0.2042358816,0.09319442510999999,0.1543381214,0,0,0,0,0,0
1169,detonation,,Ignition Knock (Detonation) Sensor-KNOCK SENSOR Delphi AS10012 http://t.co/LArrNhoBsN http://t.co/6YwZWmxFDP,1,1,0.21801167726999998,0.07777162641,0.09049848467,0.11237805337000001,0.12472984195,0.1153749004,0.20620460808,0.15099772810999998,0.13244220614,0.08915590494999999,0.1436700225,0.11122781039999999,0.1722762287,0.1435019076,0.1576566398,0.11165475849999999,0.1222506166,0.1088707149,0.2217648327,0.058296024800000006,0.16510839759999998,0,0,0,0,0,0
1247,drought,"Beaumont, Texas",Drought report lists SE Texas as 'abnormally dry' http://t.co/wBOXpyoZj0 #SETXNews,0,0,0.97545957565,0.7703766226800001,0.9293913245200001,0.78161174059,0.6673588752699999,0.76393663883,0.68300586939,0.82130730152,0.7551747560500001,0.71533763409,0.7437728047,0.7676420808,0.9513331056000001,0.9508619308,0.6373058558,0.6735239029000001,0.6657529473,0.7061237693000001,0.632439971,0.7159678936,0.8375077248,1,1,1,1,1,1
1274,drown,"Austin, TX",absolute drown your Wagyu steak in heaping piles of moist Smuckers Grape Jam,1,1,0.04506239295,0.1357549727,0.07221636921,0.07271089405,0.15474706888,0.09749744087000001,0.16071864963,0.15744310617,0.10912685840999999,0.038921326400000004,0.10127010939999999,0.2395812571,0.1104338765,0.07645606995,0.0823802352,0.16855248809999998,0.13575339320000002,0.32752558589999997,0.07109564542999999,0.1057654023,0.31854707,0,0,0,0,0,0
1275,drown,"BogotÃÃ, Colombia",Drown me you make my heart beat like the rain.,1,1,0.10039281845,0.08832618594000001,0.06414194405,0.05883769691000001,0.12257251142999999,0.07575256377,0.22484007478,0.06981548667000001,0.07379180193,0.028749790039999997,0.0665121451,0.043175339699999996,0.08650419116000001,0.07782942057,0.10003775359999999,0.03821191192,0.2743669152,0.0191988945,0.05161643028,0.03834030032,0.03636332974,0,0,0,0,0,0
1291,drowning,"Johnstown, NY",Having such a hard time with everything im drowning literally,1,1,0.09864929318,0.10375427455,0.08160346746000001,0.0721584782,0.14286705852,0.08433135599,0.10828289390000001,0.13999226689000002,0.12102252990000001,0.12928640842,0.06775669754,0.1446439326,0.1162418127,0.08215919137,0.1122031808,0.1060697138,0.19294023510000002,0.1127543747,0.062425643210000006,0.054448008539999995,0.15985922519999998,0,0,0,0,0,0
1294,drowning,Doo Doo Boy Island,If you told me you was drowning. I would not lend a hand!,1,1,0.18327793479,0.08583181351,0.08211915195,0.06570088118,0.18645781278999998,0.06568560004,0.18799318372999999,0.06123825163,0.09797133505000001,0.08996786922,0.06739077717,0.05188980699,0.10944953560000001,0.13010987640000002,0.10674318669999999,0.07611504197,0.1490489244,0.01911666989,0.07082143426,0.048965334890000003,0.11439695949999999,0,0,0,0,0,0
1305,drowning,"Pico Rivera, CA",Drowning doesn't sound half bad rn,1,1,0.15315684676,0.13193501532,0.12723273039000002,0.09193198383,0.11365628242,0.14145542681,0.15468418598,0.07298395038,0.16408421099,0.13454401492999998,0.1388710737,0.4308595657,0.1275670528,0.09766024351,0.1012134552,0.1877678931,0.12835097310000002,0.15759548539999998,0.08357346058,0.07425552607000001,0.27169364690000003,0,0,0,0,0,0
1346,electrocute,"Metro, Lampung ~ Balikpapan",#KCA #VoteJKT48ID JoelHeyman: My loose understanding is: @ 750k subs AH will electrocute then eat Michael. Don't want 2 influence anythinÛ_,1,1,0.08731156588,0.04825408012,0.03068136796,0.038873687389999995,0.03564250468999999,0.01250773203,0.03042667545,0.014589225869999998,0.03751119226,0.02555033378,0.02489500679,0.2092579901,0.13250276449999998,0.12673556800000002,0.06799766421,0.04028248787,0.1464532018,0.11366540189999999,0.08226779103,0.04693862796,0.051444400099999996,0,0,0,0,0,0
1368,emergency,,11000 SEEDS 30 VEGETABLE FRUIT VARIETY GARDEN KIT EMERGENCY SURVIVAL GEAR MRE - Full reaÛ_ http://t.co/VE78djgHa5 http://t.co/ugubwRPQFP,1,1,0.31783139706,0.07666996121,0.04143502191,0.09328819065999999,0.06153586507,0.03249241412,0.04832271114,0.02046187781,0.10033011436,0.025722255930000004,0.051102943719999995,0.2281663716,0.1342436075,0.2066793144,0.10030558710000001,0.07130023837,0.17291978,0.08939278126,0.1757155657,0.04829293489,0.132401824,0,0,0,0,0,0
1377,emergency,"Cincinnati, OH",Emergency hop kit? ;) jk https://t.co/MkbQ2YE4Wq,1,1,0.05231258273,0.17719846964000002,0.17522530258000002,0.11287762224999999,0.14213520287999998,0.19282835722,0.16776414216,0.08416990936,0.1791189909,0.09425624460000001,0.09363404661000001,0.24513861539999998,0.3077971935,0.2009407282,0.29177653789999997,0.2046945989,0.144982636,0.08165100217,0.2712060809,0.09489700197999999,0.3290846646,0,0,0,0,0,0
1379,emergency%20plan,"Calgary, Canada",Municipal Emergency Plan deactivated! Crisis averted. https://t.co/37L4qUAAVu,0,0,0.8589244484899999,0.8926624655700001,0.88722521067,0.91367924213,0.91419380903,0.7969768047300001,0.86653929949,0.8964250087700001,0.8510834574699999,0.8606282472600001,0.8677676916,0.8485952616,0.9273393154,0.9539275169,0.9194946289,0.7614594102,0.8755317926,0.8112444878,0.7238079309000001,0.6402803063,0.7412797809,1,1,1,1,1,1
1387,emergency%20plan,,Do you have an emergency drinking water plan? Download guide in English Spanish French Arabic or Vietnamese. http://t.co/S0ktilisKq,1,1,0.31011220813,0.09155439585000001,0.17364399135000003,0.09953389317,0.06513464451,0.11819951236,0.11245894432,0.1956974268,0.1826954484,0.17247472702999997,0.07843252271000001,0.3008166552,0.42347961659999994,0.3106325865,0.1311624348,0.3427790999,0.48463043570000003,0.2746890783,0.49083301420000003,0.1358246505,0.2328655273,0,0,0,0,0,0
1472,explode,,im sooooooo full my stomach is going to explode,1,1,0.07737880945,0.07494290173,0.05666523427,0.07492468506,0.15515843034000001,0.09797971696,0.13900387287000002,0.048264920710000006,0.0955279991,0.04894979671,0.04283396155,0.039488673210000005,0.07935243844999999,0.0539855063,0.05706858635,0.0230794549,0.05646210909,0.02575537562,0.03436744213,0.03507125378,0.02457277477,0,0,0,0,0,0
1481,exploded,Ittihad .f.c,"that exploded &amp; brought about the
beginning of universe matches what's
mentioned in the versethe heaven and Earth
(thus the universe)",1,1,0.08939990401,0.12954348325999998,0.13550660014000002,0.11477015913,0.09895572066,0.11738995463,0.058895457539999994,0.10979206115000001,0.17224806547000002,0.13250134885,0.195809111,0.1291867495,0.166705817,0.09748625755000001,0.0871194303,0.03872784972,0.18979975579999997,0.1296095848,0.07753574848,0.0708501637,0.09811315686000001,0,0,0,0,0,0
1483,exploded,"Detroit, Michigan",I didn't even know pens still exploded like that...ink everywhere,1,1,0.039415538310000005,0.23507159948000003,0.26612085104,0.21419560909000002,0.36235389113000005,0.27285760641,0.16218419373,0.19239433109999998,0.16168045998,0.36092042923,0.2513176501,0.053999572989999994,0.12285843490000001,0.08338519931,0.09892734885,0.12981766460000002,0.11414256689999999,0.1461102962,0.07661038637,0.08195784687999999,0.1227066144,0,0,0,0,0,0
1527,famine,"Brooklyn, New York",So shameful and tragic.. http://t.co/5p1e40qkGV,1,1,0.20493298769,0.19637796283,0.14552275836,0.18148487806,0.33137267828,0.17003427446,0.34566628933,0.25574919581,0.25108134747,0.17949058115,0.140123263,0.05392727256,0.2883292437,0.18581011890000002,0.09718340635,0.3661724329,0.07120171188999999,0.3225599527,0.1517623961,0.1834502518,0.31841507550000003,0,0,0,0,0,0
1563,fear,"Amos,Quebec,Canada",@Dat_Vi fear of the unknown eh.,1,1,0.25918161869,0.14064392447000001,0.14829042554000002,0.12082758545999998,0.18816307186999998,0.1163950339,0.20058117807,0.17116419971000002,0.16389629244999998,0.09243659675,0.1306008697,0.33654633159999997,0.1174808443,0.06219038367000001,0.09573212266,0.1591119468,0.1178907454,0.12070184949999999,0.050678372379999996,0.08515587448999999,0.23114630579999998,0,0,0,0,0,0
1589,fire%20truck,New York,Ltd Toy Stamp &amp; Vintage Tonka TFD No 5 Pressed Steel Pumper Fire Truck - Full read by eBay http://t.co/hTvyEnXCBS http://t.co/xSvPzxYRe3,1,1,0.13076421617999998,0.07637695222999999,0.1120993793,0.11693745105999999,0.047603666780000005,0.05815006792999999,0.08333984762,0.45546150208,0.13320146501,0.12238690257000001,0.1435590684,0.1157346964,0.17294636370000002,0.17253780359999998,0.08846461773,0.17201131579999998,0.32589960100000004,0.3226412535,0.2138494253,0.07017153502000001,0.23003698890000002,0,0,0,0,0,0
1618,first%20responders,,Allergan Kicks off REFRESH AMERICA Program to Supply First Responders With Free Eye Drops http://t.co/0OjKuLqO5I http://t.co/wkmcPmCtgu,1,1,0.06773090363,0.14563710988,0.32310399413,0.14915910363,0.45208865404,0.22831098735,0.30858936906,0.25456905365,0.20900158584000003,0.26645684242,0.21532779929999998,0.2504871488,0.2604302764,0.2096046805,0.2832629085,0.22335070370000001,0.4041915238,0.4226721525,0.2578876317,0.1185471416,0.3294660151,0,0,0,0,0,0
1645,flattened,San Diego,Flattened via IDEAS IN FOOD - A cheesecake brownie does not always have the aesthetic we are ... http://t.co/oRSmW5Airj,1,1,0.08234754205,0.057400729510000005,0.0614117682,0.06755196303,0.057238757609999996,0.05778183788,0.06639759988,0.04103372619,0.07394193857999999,0.028351435439999996,0.01794965193,0.3033570051,0.2373691499,0.1315254271,0.1338864565,0.33759504560000003,0.1849222481,0.321703136,0.2269678116,0.3630421758,0.2589333653,0,0,0,0,0,0
1650,flood,New York,Spot Flood Combo 53inch 300W Curved Cree LED Work Light Bar 4X4 Offroad Fog Lamp - Full reÛ_ http://t.co/E6BnWxFtkb http://t.co/Ww2uVHRy89,1,1,0.12827134132,0.12038066238,0.11192304640999999,0.11584694684,0.07168245316,0.11620517820000001,0.05301462114,0.12048656492999998,0.14081707597,0.07672739774000001,0.11483979970000001,0.08492681383999999,0.10414534810000001,0.1109901369,0.062024891379999995,0.025467365980000004,0.07195109128999999,0.04461401701000001,0.05566880107000001,0.03407469392,0.05485957861000001,0,0,0,0,0,0
1655,flood,New York,2pcs 18W CREE Led Work Light Offroad Lamp Car Truck Boat Mining 4WD FLOOD BEAM - Full reaÛ_ http://t.co/0AIV5KhZjv http://t.co/q6HHZbFxCv,1,1,0.28361189365,0.25302094221,0.34672152996,0.22259607910999998,0.14049097895999998,0.28995296359,0.25688222051,0.23839578031999997,0.2835662663,0.25305911899,0.31005126239999997,0.1997551322,0.1619257331,0.138763845,0.10710048679999999,0.1492973864,0.40947908159999996,0.1638151109,0.139683485,0.06507253647000001,0.08363542706,0,0,0,0,0,0
1660,flood,New York,12' 72W CREE LED Work Light Bar Alloy Spot Flood Combo Diving Offroad 4WD Boat - Full readÛ_ http://t.co/8Mk9TD4RRL http://t.co/W20rH3Ai9J,1,1,0.09689059854,0.09206779301000001,0.06705260277000001,0.09721371530999999,0.06283199787,0.072870709,0.0803675279,0.11186991632000001,0.10189475864,0.03602736443,0.07364794612,0.07814207673,0.09977722168,0.1046454608,0.05886554717999999,0.02582719922,0.10808986429999999,0.0392819047,0.05534189938999999,0.03726273775,0.03763403744,0,0,0,0,0,0
1663,flood,New York,12' 72W CREE LED Work Light Bar Alloy Spot Flood Combo Diving Offroad 4WD Boat - Full readÛ_ http://t.co/EBJz2MxLr3 http://t.co/jvVD8smJMw,1,1,0.09689059854,0.09206777811000001,0.06705260277000001,0.09721371530999999,0.06283202767000001,0.072870709,0.080367513,0.11186989397,0.10189475864,0.03602736443,0.07364794612,0.07814207673,0.09977719187999999,0.1046454608,0.058865517379999996,0.02582719922,0.10808986429999999,0.0392819047,0.05534189938999999,0.03726273775,0.03763403744,0,0,0,0,0,0
1719,hail,Qwuank,Which version of All Hail Shadow you do you like more Magna-Fi's or Crush 40's? ÛÓ Crush 40s. http://t.co/oGs6d0p3RB,1,1,0.02274745703,0.07203460485,0.06996162981000001,0.07817805557999999,0.07365515828,0.06593766062999999,0.09825094044,0.07847573608,0.12600590289000002,0.046419452879999996,0.1435597837,0.19548666480000002,0.1579935551,0.1557438672,0.1029359102,0.08078062534,0.2414022088,0.06075510383,0.21396374699999998,0.0557847023,0.08401438594,0,0,0,0,0,0
1726,hail,Ontario CA,i survived what you tried to destroy you're not a man just a boy,1,1,0.18959251046,0.12100190669000002,0.08978821337000001,0.10763689131,0.13923159242,0.11605509370999999,0.14146800339,0.08967165649,0.122522071,0.15957945585,0.1395396888,0.08395761251,0.1221607625,0.101328671,0.1927980185,0.1438375711,0.4102492332,0.06610170007,0.1077106893,0.06798109412,0.0964839384,0,0,0,0,0,0
1753,harm,"Melbourne, Australia",@Norcinu @TheBodyShopAust @thomaldo tiny plastic beads used in cosmetics (scrubs toothpaste) doing great harm to aquatic ecosystems.,1,1,0.28303781152,0.07146399467999999,0.06345454602999999,0.08197166026000001,0.10611516237,0.06170444562999999,0.07128512114,0.09529541433000001,0.07055130601,0.0390367955,0.04946073517,0.34469181299999996,0.1425807476,0.07335424422999999,0.07328009605000001,0.09824934602,0.09264057875,0.1409094334,0.036666572089999995,0.08817267418,0.2036955506,0,0,0,0,0,0
1762,hazard,,OEM 2001 Volvo XC70 Center Dashboard Hazard Lamps Control Switch w/Vent Panel http://t.co/VXixYcbbtH http://t.co/HSDonZ49hd,1,1,0.05290979147,0.11198201775999998,0.14586476982000002,0.14270736277,0.23562332988,0.19953142107000002,0.23097155988,0.32908147573,0.15325281024,0.12502250075,0.12448952349999999,0.22963377829999998,0.3500299156,0.2420770526,0.2037528455,0.3097538948,0.3358712196,0.2077088952,0.333578527,0.09801366925,0.2741139829,0,0,0,0,0,0
1763,hazard,,"@fplhints hazard depay ozil Ritchie .
Should I go with 3 crazy strikers or 4 midfielders ? #fplboss",1,1,0.08704084158,0.19924323261,0.20744268596,0.18298493325999998,0.14320725203,0.26528123021,0.22264479101,0.1991097331,0.15548110008,0.16937300563000002,0.1883753091,0.07461547852000001,0.10820797089999999,0.08119490743,0.1007144153,0.09879520535,0.1875142455,0.08892577887,0.1255415678,0.05153074861,0.061616860329999995,0,0,0,0,0,0
1787,heat%20wave,"Brooklyn, NY","I added some dumb ideas to beat the #summer heat cheaply
http://t.co/jatxpAFvA9 @brokelyn #brokelynati",1,1,0.054596483710000004,0.055470064279999995,0.09313134104000001,0.055116970089999995,0.07985761762,0.06232547387,0.11591662467,0.09738509357000001,0.09051150084,0.039683390410000005,0.048723537469999995,0.2097790539,0.2368413508,0.17626035210000002,0.1540008783,0.23737517,0.1239799857,0.2239199281,0.2713764012,0.08544790744999999,0.1439655125,0,0,0,0,0,0
1798,heat%20wave,,@facilitydude shares how to handle the heat and keep your cool http://t.co/ekEd6BulsZ #facilitiesmanagement,1,1,0.06249478459,0.07076388597,0.13942146301,0.07573840022,0.13346481322999998,0.13545054197,0.09762244672,0.13264973462000001,0.11112856119999999,0.08903507142999999,0.08725625277,0.130702436,0.24483886359999998,0.1641793251,0.2604871392,0.2592942715,0.2523424029,0.4459736347,0.3336452246,0.18242371079999997,0.1298211068,0,0,0,0,0,0
1805,hellfire,,Hellfire is surrounded by desires so be careful and donÛªt let your desires control you! #Afterlife,1,1,0.045551568269999995,0.04937614128000001,0.09223150462000002,0.060627091679999995,0.06618055701,0.02766062506,0.07119296491,0.03979384899,0.06561504304,0.039184469730000004,0.06966427714,0.048910140989999996,0.1022438109,0.06829857826,0.04934683442,0.01438558102,0.08467853069,0.01742365956,0.03775191307,0.03187716007,0.03368626535,0,0,0,0,0,0
1839,hijacker,,@JagexSupport can u remove the email of the hijacker pls !! YKJL is my ign. i need to recover but pls block so they dont break bank pin!,1,1,0.35339024663,0.1744903475,0.19825488329,0.17096476256999998,0.15857395529999999,0.31831115484,0.16302157938,0.22805725038000002,0.20490445197,0.33332663774,0.1892368048,0.1486415267,0.1473519206,0.1689929664,0.19813263420000002,0.028469473119999998,0.4873092771,0.06800857186,0.16408818960000002,0.040341585869999995,0.03880478069,0,0,0,0,0,0
1847,hijacking,,#hot Funtenna: hijacking computers to send data as sound waves [Black Hat 2015] http://t.co/EZ1TpCzJzo #prebreak #best,1,1,0.10501873492999998,0.09478637576,0.10869600624000002,0.11389646679000001,0.13392305374000002,0.12066632509000001,0.08076017349999999,0.1612457633,0.15587842464,0.13776169717,0.11867242310000001,0.09501728414999999,0.1120767593,0.08788335322999999,0.05477359891,0.05736592412,0.07017862797,0.06814846396,0.06783169507999999,0.03966715932,0.06321165711,0,0,0,0,0,0
1857,hijacking,,MomentsAtHill everyone hijacking NuNus and timas bikes ????,1,1,0.26727908850000004,0.22829714417,0.23991239070999998,0.27947619557,0.35109844803999996,0.20663173497,0.3527584374,0.24034927785000001,0.31835091114,0.25548699498000005,0.3040845394,0.08505609632000001,0.1230033934,0.07235661149,0.09559735656,0.1201981902,0.08058211207,0.06774801016,0.04130420089,0.04848265648,0.3238968253,0,0,0,0,0,0
1859,hijacking,http://wingssilverwork.com,@ReasonVsFear 'One?' Oh nonononono. This hijacking's been going on forever but I've seen it about a dozen diff places today alone.,1,1,0.43559908866999997,0.14924539626,0.27788606286,0.19922605157,0.17586684227000002,0.19520437717,0.19039943814,0.13992993534,0.19474796950999998,0.23593053222,0.1315039694,0.16942852739999997,0.3586055636,0.09882017970000001,0.09026658535,0.1891779602,0.2064627707,0.14123830199999998,0.10132500529999999,0.1063165665,0.17261087890000001,0,0,0,0,0,0
1867,hostage,way way way up ??,Ya kisses hold me hostage &amp; I don't wanna stop it. I only wanna give it to you,1,1,0.129350245,0.09272481501,0.06215025485,0.10381166637,0.12371337414000001,0.08390508592,0.15934705734000001,0.19260457158,0.08159536868,0.11417528242000001,0.14350792769999998,0.07254493237000001,0.14633414150000001,0.1385401189,0.2077244818,0.07203891873,0.2132831514,0.07184630632,0.1667092741,0.07309958339,0.14508494730000002,0,0,0,0,0,0
1905,hurricane,MS,Happy birthday bro ?? @Hurricane_Dolce,1,1,0.01921609044,0.05006554723,0.030323866749999998,0.04197308794,0.11552450060999998,0.01864944957,0.12683364749,0.04773602262,0.04460882396000001,0.01848168299,0.015145266430000002,0.0512419939,0.09311255813,0.04839488864,0.08830922842,0.06119975448,0.07730272412,0.04081767797,0.02852463722,0.05039006472,0.1113028601,0,0,0,0,0,0
1944,injury,,Ankle injury to keep SpursÛª Marjanovic out of Eurobasket http://t.co/UBCggEHqyN #spurs #NBA,1,1,0.28238120675,0.10204609482999999,0.12060186267,0.12866742909,0.12459760904000002,0.14817884564,0.16683258116,0.060901232060000005,0.14853903651,0.10393942147,0.1589492261,0.13380250330000001,0.1475282013,0.2015956342,0.14854270220000002,0.1018009484,0.1880180538,0.131603688,0.09025326370999999,0.0738722384,0.1576694548,0,0,0,0,0,0
1945,injury,,nflweek1picks: Michael Floyd's hand injury shouldn't devalue his fantasy stock: Michael Floyd's damaged digits won... Û_,1,1,0.12502074242,0.08446081728,0.05978314206,0.06291729957,0.053719639779999995,0.048055037860000004,0.04998114705,0.044901072980000005,0.09586453437999999,0.03357783705,0.06296892463999999,0.122974813,0.1270799637,0.1443881392,0.06905552745,0.03936728835,0.15250974890000002,0.11706259849999999,0.15176513789999999,0.060988128190000004,0.06864801794,0,0,0,0,0,0
1964,inundated,,@Rossifumibhai @alexeeles all 6 of them?! As you can see from the pic they were clearly inundated. Good try though,1,1,0.42893764377,0.08243066072,0.0617713742,0.08808206767000001,0.07876875997,0.08906595409,0.09784719348,0.09164132923,0.060140345250000005,0.05341666192,0.054070018229999996,0.2294395566,0.16419011349999998,0.08188861609,0.07916590571,0.1491868496,0.0594125092,0.10176795720000001,0.1413202286,0.1039915085,0.1127113476,0,0,0,0,0,0
1966,inundated,That London,.@38_degrees Hello. I have been inundated by people Tweeting me about some Unilever thing in India I know nothing about.,1,1,0.026812881230000002,0.2530118227,0.28172704577,0.21931366621999998,0.20147576928,0.27929294109,0.21883718669,0.28107020259,0.22194571793,0.17769661546,0.160834536,0.1502141654,0.1928500533,0.1133764684,0.1192368865,0.3060613871,0.1621282995,0.2692252398,0.1609219909,0.3112728596,0.16864828769999998,0,0,0,0,0,0
1971,landslide,Wickford,@R_o_M by a landslide.,1,1,0.19555178285,0.19399239123,0.23458899558000001,0.24110169709000004,0.25844582915,0.21072097123,0.33871567248999995,0.26340186596,0.31129163504,0.38389164209,0.287065804,0.2611941993,0.1500860751,0.05479446053999999,0.09533262252999998,0.266286552,0.07255139947,0.3053944707,0.039023578169999996,0.1309148967,0.4273462594,0,0,0,0,0,0
1975,landslide,,@kdudakia I get that there has been a massive turn away from Labour but that does not = electoral landslide. Credits tories too much and...,1,1,0.38457599282,0.13087210059,0.18160411716,0.13743054867,0.11909121275000001,0.1523707509,0.16396075487,0.09753288329,0.16685199738,0.13233707845,0.1414836943,0.1642665565,0.2169379294,0.08890619874,0.1103248,0.18307223920000001,0.119497478,0.20257669690000002,0.07070416212,0.1465038359,0.3070948422,0,0,0,0,0,0
1978,landslide,"Louisville, KY",Artifacts found in southern Indiana landslide near Horseshoe Casino http://t.co/BdB0NpgPkH http://t.co/jbCC0KShol,0,0,0.8864873647700001,0.9283400773999999,0.9857144951799999,0.93539714813,0.80619883537,0.90466874838,0.9138059616099999,0.96462750435,0.95510107279,0.92567932606,0.8599599004,0.8616887331,0.9515094756999999,0.9522639513,0.8665627241,0.8387253284,0.8251596689,0.9379051923999999,0.7671455145,0.9785021544,0.9035282134999999,1,1,1,1,1,1
1983,landslide,,omg it is I can go in dungeons with Landslide Krag now &lt;3,1,1,0.11063215137,0.11979980022,0.11474622040999999,0.13311709464000002,0.19208768010000002,0.16674724220999998,0.19210571051,0.08347301185,0.12638780475,0.12599670887,0.1296253502,0.07186275721,0.1356333792,0.07508167623999999,0.1140740514,0.10777837039999999,0.1113869846,0.1276503205,0.08790293336,0.06302616,0.1076155752,0,0,0,0,0,0
2025,loud%20bang,Kenya,kiilud: Breaking news! Unconfirmed! I just heard a loud bang nearby. in what appears to be a blast of wind from my neighbour's ass.,1,1,0.22007602453000003,0.42513650655999996,0.41119739413,0.36103868483999996,0.35781356692,0.37134915590000006,0.2653234601,0.09105792642,0.36207240820000003,0.22784419358000002,0.4600554109,0.490744561,0.2105701268,0.1311424077,0.1095505953,0.1672735214,0.10988864300000001,0.1466641128,0.1302185655,0.131216526,0.20297893879999998,0,0,0,0,0,0
2032,loud%20bang,,Man Hears a Loud 'Bang' Finds a Newborn Baby in a Dumpster http://t.co/W815ol0mBV via @ijreview,1,1,0.41119986773,0.07151424885,0.10949895530999999,0.08605398983,0.12060716748,0.18323118985,0.11291177570999998,0.13653191924,0.14594776928,0.06118930876,0.09541521221,0.1997825205,0.2302850187,0.1170030832,0.1310435236,0.3280593157,0.1801955998,0.3006524444,0.2019809186,0.19233277440000002,0.19950515030000002,0,0,0,0,0,0
2111,meltdown,"St. Catherine, Jamaica, W.I.",CommoditiesåÊAre Crashing Like It's 2008 All Over Again http://t.co/EM1cN7alGk,1,1,0.27844220399999997,0.22247850895,0.31690731645,0.20856168866,0.22443750500999998,0.27681082486999997,0.31355565786,0.10614830256,0.37334012985,0.25681662559999996,0.35127592090000004,0.2460166812,0.28300824760000004,0.23623403910000002,0.25572246309999996,0.3692148328,0.10743469,0.3485122919,0.20891985300000002,0.1561099291,0.33825144170000004,0,0,0,0,0,0
2117,meltdown,"West Coast, Canada","Byproduct of #metal price meltdown is a higher #silver price
http://t.co/KBC2Ax8Zl9",1,1,0.4278781414,0.05434953421,0.07676815242,0.07569217682,0.061782598499999994,0.09091243892999999,0.13067515194,0.14336660504,0.12960608304000001,0.06740715355,0.033033087850000004,0.4040907621,0.3235814571,0.453949362,0.2684877813,0.4549286664,0.345844686,0.2527744174,0.4464337826,0.2281334996,0.3057123423,0,0,0,0,0,0
2129,military,,@SocialJerkBlog My husband was in the military and he does that. It ends up in seat shuffling sometimes. ;),1,1,0.16539734602,0.28070369363000003,0.22304081917,0.18574889004,0.24980968237,0.31396412849,0.18617175519,0.1450061053,0.21871401370000002,0.16851903498,0.18339771030000002,0.16337481140000001,0.1766191423,0.059992551799999995,0.09416803718,0.140168339,0.10033544900000001,0.2240516841,0.03937444091,0.08074650168,0.12180993710000002,0,0,0,0,0,0
2196,obliterate,"Cape Coral, FL USA",It is insanity to call Climate Change more dangerous than Muslims wanting to obliterate America and Israel. https://t.co/aA6S66huXh,0,0,0.72844266891,0.93673205376,0.8675697445899999,0.8968216776799999,0.9332609772700001,0.85187679529,0.8608726262999999,0.80592930317,0.8822816610299998,0.8492820262899999,0.8232113718999999,0.7474862337,0.8749314547,0.5397312640999999,0.6277281046000001,0.819460988,0.6216919422,0.7399001122,0.6727361679,0.7180622816,0.7003293633,1,1,1,1,1,1
2211,obliterate,United Kingdom,@Wadeycakes @ThunderCastTV you're right Thunder would obliterate you #HEYOOO,1,1,0.15114089847,0.11807725579000002,0.25526311994,0.12989510595999998,0.13622826338,0.1718185693,0.18827638030000002,0.20017522573,0.18322600424000002,0.19726449250999997,0.1342351884,0.045215815310000004,0.1212738454,0.08066737652,0.10758805269999999,0.11304754019999999,0.09945705533,0.03405106068,0.04890793562,0.05708217621,0.07216906547999999,0,0,0,0,0,0
2219,obliterated,"Calgary, Alberta",@dinnerwithjulie because its been obliterated?,1,1,0.26638185978,0.13488397002,0.11125522852,0.11826352775,0.21722534299000001,0.11403986066999999,0.26829838753,0.15219202638,0.19096049665999998,0.15449507535,0.113871634,0.1582641602,0.1999995112,0.05148625374,0.09389981627,0.1880317628,0.0679410398,0.1989004314,0.03330141306,0.09644803404999999,0.33737275,0,0,0,0,0,0
2244,obliteration,U.S.A.,[Chaos dancing in the streets | Why did God order obliteration of ancient Canaanites?] http://t.co/P7DLX1wFmC via @Michael_0000,1,1,0.18844893575,0.18190458417,0.25618565083,0.17062172294,0.12868949771,0.3348531723,0.18218459189,0.11331857740999998,0.246300295,0.11669188738,0.2170045525,0.46236395840000005,0.3743674457,0.37299725409999995,0.07619950175,0.1495687366,0.2329676449,0.1635517776,0.24719354510000002,0.08983436227,0.215782091,0,0,0,0,0,0
2248,obliteration,Virginia (USA),@KDonhoops Sure! Meek Mill accused Drake of not writing his own raps. Drake responds w/ obliteration of Meek's career. #OldFolkExplainStuff,1,1,0.04271349311000001,0.07404665649,0.26094952226,0.14670325816,0.23685994744000002,0.2915879786,0.14331319928,0.08452647179,0.20302085577999998,0.1564873755,0.19827181100000002,0.1252280176,0.14647802710000002,0.12314847109999999,0.07332202792,0.06589150429,0.17115968469999998,0.1297052801,0.07674348353999999,0.08362621069000001,0.1513867527,0,0,0,0,0,0
2285,pandemonium,,I'll be at SFA very soon....#Pandemonium http://t.co/LC1cMx1mPb,1,1,0.3000459075,0.10291615129000001,0.15854671597,0.11184965819,0.19632825255,0.17685756087,0.23579974473,0.14500893652000002,0.17972271144000002,0.11346087605,0.131365031,0.1612817049,0.20739367600000003,0.0885669589,0.12192842359999999,0.2695673704,0.06349825859,0.1969118714,0.13973101970000001,0.1328691542,0.116440624,0,0,0,0,0,0
2315,panicking,Bedford,@milefromhome ??.. Don't.. I'm panicking..,1,1,0.23724675179000002,0.10596861689999999,0.06863908469999999,0.08560334891,0.18980339170000002,0.10497507453,0.2315004766,0.09188213198999999,0.16213145852,0.12934032083,0.09935200958999998,0.04521659017,0.09282875061000001,0.04886358976,0.08604106307,0.174254477,0.06533285975,0.2577258348,0.0271525681,0.08514881133999999,0.1254203469,0,0,0,0,0,0
2327,police,Nigeria,Now Trending in Nigeria: Police charge traditional ruler others with informantÛªs murder http://t.co/DQhpm4A5qY,0,0,0.80573803186,0.9018594622600001,0.7501837611200001,0.8719753623000001,0.83342862129,0.81710475683,0.80899888277,0.93429243565,0.8123639822,0.8287669420199999,0.7780740856999999,0.8362404108,0.8805913329,0.9304846525,0.8404866457,0.7988320589,0.6992586255,0.8060069084,0.7802004814,0.8370834589,0.8172904848999999,1,1,1,1,1,1
2331,quarantine,mumbai,chickmt123: #letsFootball #atk WIRED : Reddit will now quarantine offensive content http://t.co/wvn6GrIyPq (httpÛ_ http://t.co/pgIHchdURJ,1,1,0.11962032318,0.0900605768,0.0726647377,0.0900824219,0.05964976549,0.09916636347999999,0.057012557979999996,0.0305713769,0.11592351645,0.05726199225,0.07618734986,0.09774374962000001,0.1303476095,0.09073737264000001,0.05735135078,0.044472008939999995,0.08535680175,0.040002256630000003,0.09000873565999999,0.045193493370000004,0.08722109348,0,0,0,0,0,0
2338,quarantine,San Jose,Reddit Will Now Quarantine Offensive Content &gt;&gt; http://t.co/WcIzstXk4f,1,1,0.10219749808,0.12477682530999999,0.13574686646,0.11371641605999999,0.1687027812,0.15367184579,0.15116874874000003,0.10911142825999999,0.13096372783,0.10653799027000001,0.08917628229,0.06216236949,0.1258100271,0.07490864396000001,0.08458900452,0.05530440807,0.07324969768999999,0.03238293529,0.1095010042,0.037167549130000005,0.14155817029999998,0,0,0,0,0,0
2339,quarantine,"New Jersey, USA",Reddit Will Now Quarantine Offensive Content http://t.co/KDc97PrQcc,1,1,0.06883096695,0.12477682530999999,0.13574686646,0.11371641605999999,0.1687027812,0.15367184579,0.15116874874000003,0.10911142825999999,0.13096372783,0.10653799027000001,0.08917628229,0.06216236949,0.1258100271,0.07490864396000001,0.08458900452,0.1045566201,0.07324969768999999,0.053564071660000004,0.1095010042,0.049922883509999995,0.14155817029999998,0,0,0,0,0,0
2356,quarantined,someplace safe,@famoushorse they haven't applied bans consistently. The Jew hating sub is only 'quarantined',1,1,0.27844333649,0.06874260306,0.09156445413999999,0.06854977459,0.10655143857,0.06441245227999999,0.09304995835,0.08422450721000001,0.09553039073999998,0.09102994949,0.06096232309999999,0.2037810385,0.15505898,0.08052363992,0.1324217618,0.1106364727,0.1176097691,0.1102922559,0.11064937710000002,0.07229089737000001,0.1633195877,0,0,0,0,0,0
2377,rainstorm,"Calgary, Alberta",@WerdEmUp It's already been messed up thanks to an earlier rainstorm. Needs to go in for maintenance anyway.,1,1,0.33429777621999995,0.19448043405999998,0.30739423633,0.24862241745000002,0.3341049552,0.41935041546999996,0.23145242035,0.22917337715999997,0.23195540905,0.32880812883,0.30290222170000003,0.2007623017,0.3228164911,0.108035028,0.1118694842,0.324924469,0.249812454,0.4763681293,0.07031670212999999,0.3362314701,0.34782755369999996,0,0,0,0,0,0
2380,rainstorm,South East Florida,@SavanahResnik @CBS12 I would hide out at the Coldstone at monterrey and us 1. Great place to wait out a rainstorm.,1,1,0.45508351922,0.0873683542,0.09938823432,0.07449233532,0.11100283265000001,0.08968029916000002,0.11314196885,0.12299287319,0.07195598632,0.07037331909,0.0872150436,0.19511395690000002,0.2708765566,0.08111917972999999,0.1478439569,0.2503625154,0.3877544403,0.273268044,0.1498129666,0.15509018300000002,0.1262206286,0,0,0,0,0,0
2460,riot,San Francisco,@Riot_Sweet @jfwong @MtgoDoc @JoshLeeKwai wait.. what dates?? ill be at MSG and PAX =(,1,1,0.07523363829,0.08153350651,0.07686426491000001,0.07589758932999999,0.14797052741,0.10791831464000001,0.15769287944,0.08765838295,0.09955079854,0.06004486606000001,0.04602956772,0.17846819760000002,0.1588280499,0.0581394434,0.1159540713,0.2411035895,0.08580929041000002,0.1719397604,0.040517807010000004,0.09510090947000001,0.2142343521,0,0,0,0,0,0
2461,riot,,#ModiMinistry Stuart Broad Takes Eight Before Joe Root Runs Riot Against Aussies http://t.co/rc22r1xlIs,1,1,0.16721108556,0.19602845609,0.23653157055,0.21016275883000002,0.26790446043,0.22420366108000003,0.26467403769000003,0.18019327520999998,0.25236150622,0.18398243189,0.2903947234,0.1819149256,0.2715449631,0.1381598115,0.10365954039999999,0.1300093532,0.1782964766,0.12182089689999999,0.2448962331,0.08313086629,0.1525943279,0,0,0,0,0,0
2462,riot,#sundaunited,I'm Role Play of Ulzzang Park Hyung Seok. 92 Liners. Be bleased with me. I'll do the same.,1,1,0.01854002476,0.09491844475,0.06462150067000001,0.08855585754,0.26971465349,0.10761266947,0.2743858099,0.20195406675,0.12983624637,0.08706710488,0.0666192472,0.06326773762999999,0.1049708128,0.06285572052,0.07868105172999999,0.06941425799999999,0.06856265664,0.07560777664,0.07115274667999999,0.07522603869,0.060459971429999995,0,0,0,0,0,0
2490,rubble,Los Angeles,ChinaÛªs e-commerce firms Alibaba (BABA) Tencent http://t.co/7VcChEIC5g (JD) are still growing revenue at 40% http://t.co/GQgE7weM3W,1,1,0.07244408131,0.19491450489,0.27456977963,0.199751243,0.35942661761999994,0.23812885581999998,0.35221141577,0.43164250255000003,0.29264253378000005,0.18360817432,0.343286097,0.40898790960000003,0.4797311127,0.14579594140000002,0.2662758827,0.18534955379999998,0.1352280676,0.3967142701,0.3995031714,0.1054110825,0.44439876079999996,0,0,0,0,0,0
2558,screaming,Texas,"@LordMinion777 *screaming* i can't go!!!
:(",1,1,0.13374659419,0.10762924701,0.07305461913,0.07923479377999999,0.17672613263,0.10274387895999999,0.18361610174000004,0.06550266594,0.09141853452,0.04351591319,0.05005837977,0.04902166128,0.11125385759999999,0.0507799089,0.08856707811,0.05203202367,0.06227934361,0.03303706646,0.05773422122000001,0.04372173548,0.07982415706,0,0,0,0,0,0
2608,sinking,University of Oklahoma,"If you're lost and alone
Or you're sinking like a stone.
Carry on
May your past be the sound
Of your feet upon the ground",1,1,0.038053631780000007,0.09373240917999999,0.21477077901,0.09877710789,0.10985794663,0.07490008324,0.13645125925999999,0.22702005505999998,0.08382525295,0.17000634967999997,0.11374124880000001,0.09558007120999999,0.1484942138,0.107471168,0.1141065359,0.03188240528,0.15664362910000001,0.10263285039999999,0.2054378986,0.062472730879999994,0.042502872649999995,0,0,0,0,0,0
2613,sinking,Kano,that horrible sinking feeling when youÛªve been at home on your phone for a while and you realise its been on 3G this whole time',1,1,0.09152248502,0.12704220414,0.10587269813,0.15896725655,0.20967945457000003,0.17010283469999998,0.14683359861,0.19198338687,0.20149704814,0.18049284816,0.2509764731,0.177401334,0.3236917555,0.09893903136,0.1244547963,0.1920761466,0.16780158879999998,0.2162030637,0.18237522239999998,0.08541610837000001,0.1681185961,0,0,0,0,0,0
2635,sirens,62,I'm falling to pieces and I won't be whole until you let me in ? Heroine by Sleeping With Sirens ÛÓ https://t.co/tQxLQUKq7z,1,1,0.026465058330000003,0.14901570976,0.1501737386,0.08622508495999999,0.13261961937,0.22302293776999998,0.16015039384000002,0.06468827277000001,0.17221516370999998,0.25633472204,0.1719362587,0.07283377647000001,0.1299536228,0.1474246085,0.11031609769999999,0.05540212989,0.1019833684,0.06438219547,0.1838511229,0.04989787936000001,0.03888457641,0,0,0,0,0,0
2649,smoke,Roseland,@wizkhalifa smoke ??so much you don't gotta do shit but light?? one of his locks on fire ...that's like a whole tre five right there.,1,1,0.09955242276000001,0.19636590779,0.15350359678,0.21411575377,0.1438061595,0.22935320436999998,0.12997666001,0.21029405296,0.20048129559,0.27546566725,0.32742872829999997,0.08252078295,0.21439325809999998,0.1443822682,0.1555904746,0.1393691003,0.3055920005,0.31537351010000003,0.174738735,0.08356681466,0.10348527880000001,0,0,0,0,0,0
2656,smoke,,I'm not asking no fee to smoke sumn if we ain't smoking out a ounce that's disrespectful,1,1,0.028686493639999994,0.1300240159,0.07607149332999999,0.11094951630000001,0.16367632151,0.11523135005999999,0.19750568271,0.08820481597999999,0.12729011476,0.12955346704,0.1248149946,0.08689758182,0.1664739549,0.07750672102,0.09319287538999999,0.1341665089,0.1429986358,0.08544826507999999,0.06990063190000001,0.10601517560000001,0.1214344874,0,0,0,0,0,0
2657,smoke,bliss,Send me flying off a cliff straight through the smoke of my spliff,1,1,0.10381826758,0.13327620924,0.14154832065,0.15526266396,0.19109451770999997,0.17196990550000002,0.30930435658000005,0.20043198764000003,0.19004736840999997,0.14610476792000002,0.1537927091,0.07094627619,0.11064374449999999,0.07080677152,0.07843726873,0.06112402677999999,0.0956415236,0.10549363490000001,0.048056244850000006,0.05102235079,0.114918381,0,0,0,0,0,0
2664,snowstorm,madrid,you're my snowstorm baby ??,1,1,0.021114528179999998,0.37682840228,0.35046023130000004,0.33982872963,0.33271560073,0.27067658305,0.33366680145,0.23923391104000002,0.36842247844000003,0.29998421668999997,0.49952539799999995,0.049328446389999996,0.08910369873,0.06778001785,0.08112367988,0.07291644812,0.07297974825,0.03709620237,0.04642641544,0.0395463109,0.07667925954,0,0,0,0,0,0
2667,snowstorm,"Massachusetts, USA",@Lily_Bell82 ya...summer is too short. Open toed shoes arent snowstorm friendly.,1,1,0.17394146322999998,0.07156710327,0.10280702263000001,0.08794034272,0.06733021139999999,0.08348523825,0.07973796874,0.06853405386,0.08645233512,0.04151142016,0.05947975069,0.1362006366,0.1023297608,0.10167628529999999,0.1044970751,0.1087026894,0.1459370255,0.1284561455,0.07722553611,0.06897157430999999,0.1233099476,0,0,0,0,0,0
2671,snowstorm,"Mesa, AZ",That organic freestyle with Casey veggies is cold as an ice cream cone in a Iceland snowstorm,1,1,0.08692201972000001,0.15137080847999998,0.28404676914,0.12547196447999998,0.21334168315000002,0.16814731061000002,0.34508430958,0.10382246971,0.19522966444000003,0.15297351777999998,0.16948491329999998,0.18114417789999998,0.3416021466,0.09731423855,0.1423760951,0.1935552061,0.1568766236,0.4034418762,0.09641298652000001,0.07850733399,0.2412053794,0,0,0,0,0,0
2674,snowstorm,"Huntington, WV",A snowstorm is brewing over my desk &amp; hands are NUMB.. @irishirr - I'm guessing you adjusted thermostat? :/ @WSAZ_Brittany @kellyannwx #WSAZ,1,1,0.40808919072,0.16919417679,0.33140766621,0.12882371247000002,0.08226764202,0.25397232175,0.13513256609000002,0.21175503730999998,0.17456515133,0.27908679843,0.1903537512,0.2157669067,0.1606553495,0.08435153961000001,0.0755687058,0.08535829186,0.1325552166,0.0696041882,0.07833880186,0.07217282057,0.07636836916,0,0,0,0,0,0
2699,stretcher,Florida,Renewing Your Kitchen Cabinets for $100 http://t.co/lYs6p5BmDL http://t.co/ELfzsRGxRo,1,1,0.01525494456,0.08073536307,0.07086728513,0.07565352321,0.14988383650999998,0.08493648469000001,0.18526117504,0.06554669142000001,0.10109962523,0.044330719860000006,0.03296680376,0.08125984669,0.2193439007,0.111444056,0.1307308972,0.1875480413,0.07232767343999999,0.1714085937,0.1779593527,0.08440107107000001,0.23114603760000002,0,0,0,0,0,0
2709,stretcher,"Utica , New York (Upstate)",I was there to see @JimmieJohnson wreck in 2000 in person. My first thought was he's leaving on a stretcher!,1,1,0.28793546556999994,0.17679503559999998,0.20637165010000003,0.19097799063,0.18418839574,0.2662627399,0.17750674485999998,0.1739551276,0.23701295257,0.14685882628,0.2335861921,0.42677456140000003,0.32815507050000003,0.07782065868,0.1032969654,0.2721269131,0.1149688065,0.3072176576,0.1026706398,0.24021160600000002,0.19670471550000002,0,0,0,0,0,0
2711,stretcher,?????,Stretcher in 5 min https://t.co/DIWLBiaHvP,1,1,0.40945613384,0.18006983399,0.15746237338,0.24753679335,0.25614723563,0.25078183413000005,0.30927172303000006,0.17043744028000002,0.24972772598,0.18207471072999998,0.2719213367,0.4096142054,0.4677939117,0.07527333498,0.1415553987,0.3070357442,0.06851539016,0.3470127583,0.1387847364,0.1609449983,0.4133951962,0,0,0,0,0,0
2715,stretcher,St.Louis,Throat stretcher http://t.co/vkThHbOQjs,1,1,0.20408806205,0.11308588832999998,0.09019160271,0.12022729962999999,0.23619136214000003,0.15051318705,0.21470934153000001,0.07588865607999999,0.14787338674,0.07741954923,0.1343566924,0.10198032859999999,0.15283253789999998,0.09031233191,0.1457549334,0.1902256012,0.07470557094,0.2182373703,0.07915371656,0.1029555202,0.2439550459,0,0,0,0,0,0
2776,suicide%20bombing,"philadelphia, pa",@mehdirhasan percentages of young Muslims who believe suicide bombing is justified per pew research: 35% Britain 42% France 29% Spain,0,0,0.92897301912,0.94073337317,0.97254014015,0.95165377855,0.98276019096,0.9550126791,0.9411139488200001,0.95396506786,0.9325153827700001,0.9684739112899999,0.9641891718000001,0.884472549,0.9437308907999999,0.9649181962000001,0.9898017645,0.8814256191,0.9662911296,0.9390335083,0.8167055845000001,0.97780478,0.9064640999,1,1,1,1,1,1
2779,suicide%20bombing,"Los Angeles, CA",@61_alvin @Craigyb74 @nomar4eva @Shahasda80 @wherepond @trensabby @parallelpond the wall Israel erected has stopped suicide bombing?,0,0,0.8195945024500001,0.96949112415,0.98643153906,0.9774173498200001,0.97618943453,0.90890669823,0.95723366737,0.9943022728,0.9390490651100001,0.96598511934,0.9652149676999999,0.8478764296,0.9346376061,0.6672259569,0.9773552418000001,0.7720974088,0.9769709109999999,0.9431803226000001,0.721652925,0.9408813715000001,0.8778908849,1,1,1,1,1,1
2860,terrorism,,"Truth...
https://t.co/Kix1j4ZyGx
#News
#BBC
#CNN
#Islam
#Truth
#god
#ISIS
#terrorism
#Quran
#Lies http://t.co/pi6Qn7y7ql",0,0,0.7105045318600001,0.65809637308,0.7193858027500001,0.71741896868,0.8893606662799999,0.7711160779,0.69270926714,0.6723956465700001,0.83021551371,0.67669600248,0.6527954936,0.8267985581999999,0.9020701647,0.6361064911,0.5718322992,0.7248674034999999,0.9331875443000001,0.9170894623,0.7170584798,0.7073534726999999,0.75415802,1,1,1,1,1,1
2868,terrorist,"Lagos, Nigeria.",POLLS: SHOULD THE UNBORN BABIES OF BOKO HARAM TERRORIST BE KILLED IN THEIR MOTHERS WOMB OR SPARED? http://t.co/3skw0DqZ0r,0,0,0.68390965462,0.96409887075,0.9880802035299998,0.9691220521899999,0.9677936434700001,0.8741511702500001,0.9324889183,0.9864882826799999,0.9386439919499999,0.9248663187,0.9454474449,0.759860158,0.8244578838,0.9615540504000001,0.9564507007999999,0.7520599365,0.9425256848000001,0.7610335946,0.8133981228,0.6460984945,0.7905795574,1,1,1,1,1,1
2893,thunder,Michigan ?? South Carolina,I don't wake up until another 2 hours &amp;&amp; I get interrupted . ????? I hate thunder .. ??,1,1,0.10982343554000001,0.29736363888,0.22354494035,0.19200643897,0.30832850933,0.29250994325,0.34226831794,0.23006667196999997,0.19648243487,0.33556354046,0.2637551427,0.08234745264,0.19784009460000002,0.17535588149999998,0.13320556279999998,0.1405569315,0.18340453510000002,0.09924221038999999,0.27443110940000004,0.07649490237,0.1583942622,0,0,0,0,0,0
2899,thunder,,Idk if ithats thunder or people rolling in their trashcans ??????,1,1,0.06236746907000001,0.12931588292,0.17867557704,0.13204801082999998,0.19421449304000002,0.13448093832,0.24569943546999998,0.1441193372,0.11607357859999999,0.12471295148,0.112346746,0.106064707,0.1287971437,0.1784738004,0.1686993241,0.1542837322,0.2728153467,0.2169053257,0.10267898439999999,0.097584337,0.2642618716,0,0,0,0,0,0
2929,tornado,"Gurgaon, Haryana.",#TornadoGiveaway åÊ #thebookclub åÊ Join in!! https://t.co/8qucf6sgOc https://t.co/5U1t8hc4uf,1,1,0.05810180306,0.11845849454000001,0.07595161349,0.09153530747000001,0.25278505683,0.11800079048,0.22084422410000001,0.20694613457000002,0.18117043375999997,0.06824345142,0.23313066359999998,0.4984295666,0.36992490289999996,0.1601544023,0.1179298759,0.22517573829999998,0.1536066234,0.08748418093,0.2210175991,0.07758438587000001,0.38472101090000005,0,0,0,0,0,0
2946,trapped,,@LauraE303B @SheilaGunnReid A war we'll never win? There r 2500 Yezidi women trapped as slaves.We know where they are. Doing nothing is evil,1,1,0.3959890604,0.1456194371,0.15246157348,0.09789055586,0.09461197257000001,0.14551672339000002,0.09089948982000001,0.11197128147,0.08726143837000001,0.21376122534000003,0.1148466244,0.3869505525,0.3307090998,0.09949171543,0.08610898256,0.22050023079999997,0.1435911655,0.17152681949999998,0.1473947465,0.1115200818,0.2425663471,0,0,0,0,0,0
2947,trapped,,Think of it as a reality TV show I tell myself to quell the panic rising in my throat. Introvert: Trapped in Tokyo. The 150-square-foot,1,1,0.18481063842999998,0.09825666993999999,0.16831974684999998,0.10655517131000002,0.15296810865,0.1249255985,0.14001959562000002,0.22343614696999997,0.08929046988,0.16853487492,0.1842854619,0.2879699469,0.2192431688,0.09475660323999999,0.09496325254,0.2208838463,0.252207458,0.20027896760000002,0.1225858629,0.1713121831,0.1456687599,0,0,0,0,0,0
2950,trapped,,(#TeambrianMundial) Hollywood Movie About Trapped Miners Released in Chile: 'The 33' Holly... http://t.co/Ama6AVULnA (#TeambrianMundial),1,1,0.25263893604000004,0.2658828795,0.29956689477,0.22299234569,0.31625181437,0.37699067593,0.26671451329999996,0.11463019252000001,0.37607714534000003,0.19596511126,0.3119596541,0.1977361441,0.24839288,0.1146293283,0.10582324859999999,0.1503036022,0.1822991371,0.1413978934,0.18653270600000002,0.10487252470000001,0.1775939316,0,0,0,0,0,0
2954,trapped,USA,Hollywood Movie About Trapped Miners Released in Chile: 'The 33' Hollywood movie about trapped min... http://t.co/BinNJwobtU #topstories,1,1,0.4707725644100001,0.36760112643,0.34110352397,0.35932430625,0.41807767748999997,0.4736418426,0.3001652956,0.27088451385,0.40966945886999995,0.34998717904,0.4087304175,0.2624740303,0.22391963010000002,0.1158261299,0.10929703710000001,0.18838697670000001,0.3085358143,0.1517110169,0.1489098966,0.09861031175000001,0.1166080385,0,0,0,0,0,0
2973,trauma,,Idk how I'm supposed to have my daughter in gymnastics and cheer at the same time? She refuses to make a choice. Ugh DIVA ??,1,1,0.01331564784,0.06798740476,0.054145455360000004,0.04795798287,0.07343813777000001,0.03447327763,0.08992056549,0.07810988277000001,0.0415154621,0.03898868337,0.04604062811000001,0.09062281251,0.1799267232,0.1123464108,0.08070984482999999,0.03341025113999999,0.2027013302,0.1762767136,0.05907317996,0.06092143058999999,0.03727655113,0,0,0,0,0,0
2985,traumatised,,@TremendousTroye I'm so traumatised,1,1,0.09150981903,0.15927533805,0.11310984194,0.14310579002,0.23159530759,0.14007274806,0.27455919981,0.10701975226,0.23838441074,0.12521597743,0.1454857886,0.04288554192,0.08898705243999999,0.045436322689999996,0.08579739927999999,0.06826227903,0.0686891377,0.0725120604,0.02819728851,0.052289634939999996,0.07756900787,0,0,0,0,0,0
2999,trouble,Southeast Michigan (HOTH),Pissed something off in the wood pile. Pulling pieces out and I get a small hiss and a series of low clicks for my trouble.,1,1,0.16314345598,0.06958335637999999,0.09638781846000001,0.06618441641,0.0497906208,0.07925015687999999,0.04711599275,0.06780775636,0.060563292350000006,0.03771995753,0.10432223980000001,0.25108060239999996,0.1736744046,0.1767612398,0.13563326,0.06129932404,0.2123372257,0.09687831998,0.17687410120000002,0.10075107220000001,0.13756226,0,0,0,0,0,0
3036,twister,Flat Rock,when you get stuck on the wicked twister and they have to call maintenance to get you out.. http://t.co/7iFPMFssMU,1,1,0.16153866053,0.09709912538999999,0.15753301978,0.09675680846000001,0.17733725905,0.14328341186,0.13962203264,0.10861405730000001,0.11065668613,0.0566617921,0.07496004552,0.08773437142000001,0.1679515243,0.20199063420000002,0.1641434729,0.2172977924,0.21405291559999998,0.1040653884,0.2989562154,0.09681594372000002,0.17930038269999998,0,0,0,0,0,0
3054,upheaval,,Where bottle cherry timbering facilities upheaval entryway?: fJiZzTxK,1,1,0.22051554918000002,0.11551450937999999,0.07767637819,0.08883540332,0.215590626,0.09339503198999999,0.17727996409000002,0.07032769918,0.13642403482999998,0.09581110626,0.08302102983,0.11596524720000001,0.1102383435,0.07120481132999999,0.08382195234,0.1042266786,0.11018663640000001,0.06198021769999999,0.03804665803999999,0.06863969564,0.2999420464,0,0,0,0,0,0
3123,weapons,Global,Security experts report that the only way to keep Iran 'honest' and stop her march to nuclear weapons is by... http://t.co/DGnbUsfXkw,0,0,0.6155951619100001,0.79347872734,0.63634943962,0.7176949381800001,0.87881833315,0.7266843915000001,0.82669222355,0.8503813147499999,0.77285611629,0.77811801434,0.6885774136,0.7093997598,0.7829220295,0.9212979078,0.5850172639,0.7599043846,0.8292015790999999,0.5526336432,0.6322236061,0.6537463069,0.7857612370999999,1,1,1,1,1,1
3134,whirlwind,GARRUS?,Warcraft has always been this weird referential whirlwind to itself and other things,1,1,0.06654271482999999,0.07284471393,0.053480193020000004,0.06468608975,0.13058277965,0.05779928342,0.09122682363,0.11246331035999999,0.06271638721,0.050965745,0.04277252033,0.14894863960000002,0.17775344850000002,0.08522817492000001,0.1187876165,0.14014637470000002,0.1600448191,0.1904077828,0.055950403210000006,0.09986883402,0.2329099029,0,0,0,0,0,0
3200,wounds,,He was crushed for our iniquities; the punishment that brought us peace was upon him &amp; by his wounds we are healed. -Isa 53:5,1,1,0.18516251445,0.07698759437000001,0.15490029752,0.08280783892000002,0.12370660900999998,0.055845905099999996,0.11693202704000001,0.21053671837000001,0.11153165250999998,0.04001596943,0.10322761539999999,0.2248219252,0.1902417243,0.08102703094,0.09179928899,0.262255162,0.1084482372,0.3852057457,0.09176975489,0.1126983166,0.1191970631,0,0,0,0,0,0
3242,wrecked,"Plymouth, England",Almost *wrecked* my van the other day because of this guy (yeah I brake &amp; also care for animals ~ get used to it)! https://t.co/8ZaHavmtT6,1,1,0.10654035211000001,0.09571170807,0.16922228037999998,0.09333939105,0.14671587944,0.15862739086,0.13543958962000002,0.29171478748,0.12804533541,0.07322148979,0.1629040092,0.1204072833,0.2258867323,0.1232359111,0.096758008,0.05399999022000001,0.1524298191,0.1079337597,0.22289809579999997,0.06842425466,0.045207351449999995,0,0,0,0,0,0
3246,wrecked,Love Reiss,@yakubOObs think he deactivated because his notifications are aids after tesco wrecked him lol,1,1,0.10260036587999999,0.08906532079,0.055845197289999995,0.08091335744,0.22627910971999998,0.06613264232999999,0.09636066109,0.20254325866999998,0.054104112089999996,0.07581941783,0.059686988590000004,0.10104945300000001,0.1268743873,0.06626868248,0.06004697084,0.0760204792,0.05764752626,0.10556480289999999,0.03872492909,0.04908451438,0.1364964098,0,0,0,0,0,0
3247,wrecked,Seattle Washington,RT CNBC '3 words from Disney CEO Bob Iger wrecked Disney's stock says Jim Cramer: http://t.co/f0texKsqhL http://t.co/ilySLaTMgI',1,1,0.11744058132000001,0.04830158874,0.02882019617,0.03441723436,0.025960594419999997,0.00678484328,0.02675932087,0.05116210878000001,0.05752706155,0.008186318909999999,0.02503100224,0.1658043861,0.1169622242,0.1023980975,0.05614283681,0.02425119281,0.1113375425,0.09384712577,0.07096874714,0.04648384452,0.05744578317000001,0,0,0,0,0,0
